Part,Number per device,Link,Notes,Secondary link,Notes,
IC socket for Daisy,2,https://www.electrokit.com/hylslist-2.54mm-1x20p ,,https://se.rs-online.com/web/p/pcb-sockets/2053211,,
Small buttons,2,https://www.electrokit.com/en/tryckknapp-pcb-6x6x12mm-svart,,,,
Bigger buttons,2,https://se.rs-online.com/web/p/taktila-stromstallare/7651563,,https://www.digikey.se/sv/products/detail/mec-switches/5GTH935/2411559,MEC 5GTH935,
Big button caps,2,https://se.rs-online.com/web/p/taktila-stromstallartoppar/7651324,,https://www.digikey.se/sv/products/filter/tillbehör-lock/210?s=N4IgTCBcDaILYFMDGACAjAEwM4gLoF8g,"So many nice colors possible, not all easy to find. ",
Switches RND 210-00471,3,https://www.electrokit.com/en/vippomkopplare-sub-miniatyr-1-pol-on-on-pcb ,,https://www.digikey.se/en/products/detail/e-switch/200MSP1T1B1M2QEH/378916,"Need to check the Digikey ones to see, I think they are better. Main thing is 3 pin with .1” spacing",
Capacitors,2,,,,"1 electrolytic 220µf, 1 .1µf ceramic",
Resistor,1,,,,"220ohm (roughly, for LED)",
LED,1,,,,I use 5mm,
Molex 6pin connectors,1,https://www.electrokit.com/en/kontakt-kk-pcb-2.54mm-6-pol ,https://se.farnell.com/multicomp-pro/mc34635/header-square-pin-2-54mm-6way/dp/1675768,,For the foot switch connector. If not using foot switches you can avoid this and just bridge four pins (see the build notes),
Molex 2pin connectors,5,https://se.farnell.com/multicomp-pro/mc34629/header-tht-vertical-2-54mm-2way/dp/1675764,,,For audio in/out and power connector. You can choose other connection options using the 2.54” holes,
JST connector,1,https://www.electrokit.com/en/stiftlist-ph-5-pol-2.0mm ,,,"For easy Gametrak connection. Other connection options available, see build notes",
M5 screws,4,https://se.rs-online.com/web/p/maskinskruv/9087719,,,For gametrak mounting. 45 or 50mm,
M5 nuts,4,https://se.rs-online.com/web/p/sexkantsmuttrar/2874065,,,For gametrak mounting,
M5 standoffs,4,https://www.electrokit.com/en/distanshylsa-m5-10mm-metall ,,https://www.digikey.se/en/products/detail/würth-elektronik/970120581/6174778,12mm might be better! Try them on next Digikey order,
M5 hole washers,,,,,Useful for adjusting Gametrak mounting distance,
M3 standoffs,2,https://se.rs-online.com/web/p/distansbultar/1842769,,,8mm. For PCB lid mounting,
M3 screws,2,https://se.rs-online.com/web/p/maskinskruv/0553396,,https://se.rs-online.com/web/p/hylsskruv/4839751,PCB lid mounting,
M3 nuts,2,https://se.rs-online.com/web/p/sexkantsmuttrar/0560293,,,PCB lid mounting,
Power socket,1,https://www.electrokit.com/en/dc-jack-2.1mm-chassi-rund-brytande ,,,2.1mm pin,
2 pin molex,5,https://se.farnell.com/multicomp-pro/mc34481/crimp-housing-2-54mm-2way/dp/1675754,,,If you want to crimp your own,
6 wire molex cables,1,https://www.electrokit.com/en/kontakthus-kk-med-kabel-6-pol-20cm ,,,Pre-crimped cables for lazy people like me,
2 wire molex cable,1,https://www.electrokit.com/en/kontakt-kk-pcb-2.54mm-2-pol,,,Pre-crimped cables for lazy people like me,
Audio Jack sockets,6,https://se.rs-online.com/web/p/jackkontakter-och-uttag/2617666?referrer=distrelec,Amphenol - ACJS-MVS-2S,https://www.digikey.be/en/products/detail/amphenol-sine-systems-corp/ACJM-MVS-2S/10443648?srsltid=AU7gw4V1Pq0EpbWE-O1nU0cgJn5RxKocS8zMVtzV220hETL58U3QsNpD,Switching audio sockets for mono/stereo. See build notes.,
Power supply,1,https://se.rs-online.com/web/p/acdc-adaptrar/0634220,,,"5-12v, center positive",
Enclosure,1,https://www.electrokit.com/en/aluminiumlada-gjuten-1590v-ip54-119x119x90mm ,,,,
Jumper cap,2,https://se.rs-online.com/web/p/byglar-och-shuntar/2518682?cm_mmc=SE-PLA-DS3A-_-google-_-CSS_SE_SE_Pmax_0725-_--_-2518682&matchtype=&&gclsrc=aw.ds&gad_source=1&gad_campaignid=22788035494&gbraid=0AAAAADkeWNOvhYAhBrxyKrO94HEOOX7Ri&gclid=CjwKCAjwqJXUBhBNEiwA8BgG7qv1Fzn4vj0nBwL9yjytuK0e8cYySHVgvC0i8qMjaSw5_3rNCQJcgBoCqdgQAvD_BwE,,,Optional - for bridging the footswitch pins,
Gametrak,1,,,,"I use the later model gametrak, looks like a TIE fighter, check my videos for more info",
Daisy Seed,1,https://daisy.audio/products/seed3,,,Older Seed 2 also works,